code,theme,theme_category,is_original_risk,is_defensive,is_bak_only,data_start,data_end,n_valid_days,data_coverage_pct,amt_mean_yuan,amt_median_yuan,vol_annual_pct,max_dd_pct,max_gap_days,has_long_gap,single_year_dominant,ret_2020_pct,maxdd_2020_pct,ret_2021_pct,maxdd_2021_pct,ret_2022_pct,maxdd_2022_pct,ret_2023_pct,maxdd_2023_pct,ret_2024_pct,maxdd_2024_pct,ret_2025_pct,maxdd_2025_pct,ret_2026H1_pct,maxdd_2026H1_pct
518880.XSHG,黄金,商品/贵金属,True,False,False,2020-01-02,2026-06-12,1559,99.94,1961097.0,1266825.0,17.35,-28.55,6,False,False,14.24,-17.13,-6.64,-11.42,10.11,-11.38,16.58,-5.35,27.05,-7.49,55.61,-11.53,-8.8,-28.55
159985.XSHE,豆粕,商品/贵金属,True,False,False,2020-01-02,2026-06-12,1560,100.0,149510.0,59440.0,19.72,-26.6,6,False,False,28.64,-9.4,-4.39,-19.49,61.45,-12.49,8.34,-15.2,-14.43,-25.63,5.87,-7.32,3.12,-14.69
501018.XSHG,原油,能源,True,False,False,2020-01-02,2026-06-12,1557,99.81,103561.0,13256.0,34.52,-62.47,6,False,False,-50.68,-62.47,53.25,-14.7,36.67,-28.46,-5.07,-20.45,6.12,-15.77,-11.73,-24.01,83.7,-27.05
161226.XSHE,白银,商品/贵金属,True,False,False,2020-01-02,2026-06-12,1558,99.87,119897.0,36664.0,34.96,-65.03,6,False,False,8.03,-34.18,-25.39,-29.9,2.38,-25.58,3.13,-11.8,15.07,-18.96,151.79,-27.76,-19.9,-65.03
513100.XSHG,纳指,海外科技,True,False,False,2020-01-02,2026-06-12,1558,99.87,417312.0,326675.0,25.15,-28.57,6,False,False,35.03,-28.57,23.79,-8.79,-26.07,-25.4,50.5,-9.8,34.63,-17.92,15.89,-23.79,12.02,-13.04
159915.XSHE,创业板,A股成长,True,False,False,2020-01-02,2026-06-12,1559,99.94,2003303.0,1220687.0,30.9,-56.58,6,False,False,62.38,-19.74,8.13,-22.78,-27.74,-32.01,-19.53,-30.82,16.39,-25.5,57.8,-20.72,17.22,-7.67
511220.XSHG,城投债,债券/固收,True,False,False,2020-01-02,2026-06-12,1559,99.94,292176.0,158886.0,2.08,-4.28,6,False,False,2.68,-2.84,5.57,-0.56,2.18,-2.33,5.74,-2.36,4.19,-2.05,1.53,-1.13,1.59,-0.47
159980.XSHE,有色金属,商品/贵金属,False,False,True,2020-01-02,2026-06-12,1560,100.0,134248.0,57683.0,18.9,-32.86,6,False,False,14.47,-22.5,28.18,-12.6,8.41,-32.86,-2.9,-13.1,5.89,-15.8,22.45,-10.62,2.92,-15.56
159981.XSHE,能源化工,能源,False,False,True,2020-01-17,2026-06-12,1549,99.29,146994.0,23882.0,25.12,-48.36,6,False,False,0.71,-25.6,42.97,-39.15,4.2,-25.98,7.96,-14.42,-11.11,-20.62,-13.43,-21.2,32.46,-11.76
159509.XSHE,纳指科技,海外科技,False,False,True,2023-08-08,2026-06-12,688,44.1,940219.0,908709.0,31.4,-30.47,6,False,False,,,,,,,9.63,-9.25,49.07,-24.65,40.32,-25.95,12.32,-17.69
513290.XSHG,纳指生物,海外科技,False,False,True,2022-08-29,2026-06-12,916,58.72,66500.0,52397.0,21.74,-25.77,6,False,False,,,,,11.3,-7.3,6.74,-11.42,1.67,-14.12,30.51,-19.51,-7.76,-11.82
513500.XSHG,标普500,海外宽基,False,False,True,2020-01-02,2026-06-12,1558,99.87,214314.0,180683.0,19.53,-29.67,6,False,False,7.66,-29.67,26.27,-5.11,-14.01,-19.73,28.24,-8.11,34.54,-13.05,11.41,-23.04,1.9,-12.89
159529.XSHE,标普消费,海外宽基,False,False,True,2024-02-02,2026-06-12,563,36.09,458297.0,90010.0,33.45,-37.3,6,False,False,,,,,,,,,50.48,-9.93,-11.31,-32.73,-6.96,-12.96
513400.XSHG,道琼斯,海外宽基,False,False,True,2024-02-02,2026-06-12,567,36.35,160651.0,123382.0,19.95,-20.46,6,False,False,,,,,,,,,13.98,-12.8,4.84,-18.59,0.16,-14.59
513520.XSHG,日经,欧日东南亚,False,False,True,2020-01-02,2026-06-12,1559,99.94,160680.0,23010.0,23.94,-29.26,6,False,False,15.0,-27.71,-6.58,-14.71,-13.85,-19.16,28.21,-18.84,10.49,-21.01,20.97,-20.75,25.11,-15.97
513030.XSHG,德国,欧日东南亚,False,False,True,2020-01-02,2026-06-12,1558,99.87,131760.0,24361.0,22.81,-37.44,6,False,False,2.59,-37.44,2.72,-10.85,-13.92,-30.36,24.71,-13.65,11.17,-10.04,29.46,-16.92,-7.14,-20.09
513080.XSHG,法国,欧日东南亚,False,False,True,2020-06-12,2026-06-12,1452,93.08,99971.0,5885.0,20.21,-23.67,6,False,False,14.63,-12.56,16.0,-8.89,-5.3,-23.22,24.14,-11.79,-5.46,-15.32,20.38,-19.37,-4.03,-20.3
513310.XSHG,中韩半导体,海外科技,False,False,True,2022-12-22,2026-06-12,839,53.78,1447951.0,170710.0,36.15,-22.68,6,False,False,,,,,-2.44,-3.23,29.35,-11.58,15.64,-22.68,84.6,-20.32,101.86,-21.8
513730.XSHG,东南亚,欧日东南亚,False,False,True,2023-12-01,2026-06-12,611,39.17,111540.0,58927.0,22.18,-31.97,6,False,False,,,,,,,7.35,-4.89,26.88,-11.06,3.35,-28.13,-18.81,-21.0
159792.XSHE,港股互联,中概/港股,False,False,True,2021-09-28,2026-06-12,1138,72.95,1096808.0,607207.0,36.48,-59.66,6,False,False,,,-13.93,-22.89,-14.15,-46.49,-24.31,-31.46,27.99,-21.03,22.71,-24.0,-32.54,-37.62
513130.XSHG,恒生科技,中概/港股,False,False,True,2021-06-01,2026-06-12,1220,78.21,2481729.0,1745716.0,34.17,-62.33,6,False,False,,,-31.5,-34.66,-20.38,-45.96,-10.31,-23.59,20.89,-18.61,22.11,-23.9,-21.34,-24.08
513050.XSHG,中概互联,中概/港股,False,False,True,2020-01-02,2026-06-12,1559,99.94,1497368.0,1232466.0,31.24,-68.25,6,False,False,42.91,-17.14,-39.41,-53.15,-16.05,-38.32,-10.74,-22.79,24.71,-15.32,26.25,-22.32,-29.19,-31.64
159920.XSHE,恒生,中概/港股,False,False,True,2020-01-02,2026-06-12,1560,100.0,831208.0,705178.0,21.84,-45.96,6,False,False,-8.62,-22.25,-14.89,-26.14,-6.81,-32.66,-11.54,-20.54,25.2,-14.44,27.19,-17.54,-9.4,-15.49
513690.XSHG,港股红利,中概/港股,False,False,True,2021-05-20,2026-06-12,1228,78.72,87327.0,47888.0,19.72,-38.02,6,False,False,,,-12.55,-16.16,-12.32,-35.9,-2.25,-15.11,25.82,-16.07,22.4,-10.73,5.89,-6.26
510300.XSHG,沪深300,A股宽基,False,False,True,2020-01-02,2026-06-12,1560,100.0,3286896.0,2535260.0,19.01,-42.13,6,False,False,27.43,-16.09,-4.87,-17.19,-19.84,-26.74,-10.03,-19.88,19.04,-12.44,24.31,-10.08,2.04,-7.61
510500.XSHG,中证500,A股宽基,False,False,True,2020-01-02,2026-06-12,1559,99.94,1872382.0,1392752.0,21.63,-39.43,6,False,False,21.16,-14.99,15.29,-9.71,-18.34,-27.09,-7.55,-17.28,7.36,-18.62,37.09,-13.81,6.41,-14.02
510050.XSHG,上证50,A股宽基,False,False,True,2020-01-02,2026-06-12,1560,100.0,2173353.0,1869613.0,18.35,-41.88,6,False,False,19.67,-17.11,-9.2,-22.53,-17.26,-28.02,-9.73,-18.93,20.05,-10.71,19.56,-8.47,-6.05,-11.34
510210.XSHG,上证,A股宽基,False,False,True,2020-01-02,2026-06-12,1558,99.87,195113.0,105970.0,16.76,-21.89,6,False,False,22.68,-12.71,5.29,-9.16,-12.45,-17.85,-0.45,-12.46,12.53,-13.99,24.94,-9.36,0.9,-8.9
588080.XSHG,科创50,A股成长,False,False,True,2020-11-16,2026-06-12,1351,86.6,757852.0,477766.0,30.26,-59.95,6,False,False,-2.07,-4.87,-0.97,-18.47,-29.7,-35.1,-13.23,-28.96,17.77,-22.44,41.4,-17.49,18.95,-19.03
512100.XSHG,中证1000,A股宽基,False,False,True,2020-01-02,2026-06-12,1559,99.94,1081356.0,875597.0,24.79,-46.35,6,False,False,28.85,-15.91,21.97,-10.44,-21.83,-32.51,-7.41,-19.52,2.8,-25.86,32.91,-16.11,6.47,-13.52
563360.XSHG,A500,A股宽基,False,False,True,2024-10-15,2026-06-12,404,25.9,4330093.0,3681093.0,18.01,-15.81,6,False,True,,,,,,,,,2.33,-7.81,28.78,-13.31,3.65,-8.45
563300.XSHG,中证2000,A股宽基,False,False,True,2023-09-14,2026-06-12,661,42.37,358646.0,315324.0,29.77,-32.76,6,False,False,,,,,,,2.54,-8.29,0.49,-29.96,36.39,-18.67,9.57,-13.47
512890.XSHG,红利低波,红利/价值,False,False,True,2020-01-02,2026-06-12,1558,99.87,180513.0,26539.0,17.12,-15.66,6,False,False,8.14,-15.66,23.22,-14.61,1.11,-13.65,11.19,-12.27,21.51,-13.79,6.81,-7.4,-0.09,-5.45
159967.XSHE,创业板成长,A股成长,False,False,True,2020-01-02,2026-06-12,1560,100.0,167521.0,123444.0,33.12,-60.76,6,False,False,96.21,-20.25,16.96,-27.63,-26.79,-33.38,-26.15,-34.59,10.0,-22.3,46.21,-23.03,37.63,-7.95
512040.XSHG,价值,红利/价值,False,False,True,2020-01-02,2026-06-12,1559,99.94,30092.0,19000.0,18.0,-19.35,6,False,False,24.85,-14.3,26.96,-11.6,-11.66,-19.35,9.77,-9.65,17.06,-18.18,19.83,-10.21,3.0,-8.37
511380.XSHG,可转债,债券/固收,False,False,True,2020-04-07,2026-06-12,1498,96.03,2525428.0,579722.0,9.97,-15.9,6,False,False,2.99,-5.17,13.48,-5.79,-7.3,-11.42,-0.65,-7.03,5.82,-9.85,18.94,-6.45,0.46,-9.05
511010.XSHG,国债,债券/固收,False,False,True,2020-01-02,2026-06-12,1559,99.94,427622.0,252761.0,2.03,-4.92,6,False,False,1.62,-4.92,4.42,-0.77,2.12,-1.21,3.33,-0.96,5.98,-0.87,0.54,-1.56,1.35,-0.26
511880.XSHG,货币(防御),防御,False,True,False,2020-01-02,2026-06-12,1559,99.94,12864049.0,12323737.0,0.22,-0.19,6,False,False,2.1,-0.08,2.09,-0.03,1.72,-0.04,1.78,-0.05,1.54,-0.19,1.17,-0.07,0.46,-0.04
